{
  "description": "customTheme",
  "seed": "#5938C6",
  "coreColors": {
    "primary": "#5938C6",
    "secondary": "#3890E9",
    "tertiary": "#C2DE3A"
  },
  "extendedColors": [
    {
      "name": "queue neon seed",
      "color": "#E0FF4F",
      "description": "",
      "harmonized": false
    },
    {
      "name": "queue jewel",
      "color": "#4F0147",
      "description": "",
      "harmonized": false
    },
    {
      "name": "royal purple",
      "color": "#3A015C",
      "description": "",
      "harmonized": false
    },
    {
      "name": "pink seed",
      "color": "#CC5A71",
      "description": "",
      "harmonized": false
    },
    {
      "name": "robinapp",
      "color": "#1BE7FF",
      "description": "",
      "harmonized": false
    },
    {
      "name": "richturq seed",
      "color": "#41EAD4",
      "description": "",
      "harmonized": false
    },
    {
      "name": "springreen",
      "color": "#B0F2B4",
      "description": "",
      "harmonized": false
    },
    {
      "name": "turquoise",
      "color": "#6FFFE9",
      "description": "",
      "harmonized": false
    },
    {
      "name": "orange seed",
      "color": "#FFA62B",
      "description": "",
      "harmonized": false
    },
    {
      "name": "Custom Color 10",
      "color": "#D2871D",
      "description": "",
      "harmonized": false
    },
    {
      "name": "rust seed",
      "color": "#B63A2A",
      "description": "",
      "harmonized": false
    },
    {
      "name": "Custom Color 12",
      "color": "#F7E0D3",
      "description": "",
      "harmonized": false
    }
  ],
  "schemes": {
    "light": {
      "primary": "#615690",
      "surfaceTint": "#615690",
      "onPrimary": "#FFFFFF",
      "primaryContainer": "#E7DEFF",
      "onPrimaryContainer": "#1D1148",
      "secondary": "#39608F",
      "onSecondary": "#FFFFFF",
      "secondaryContainer": "#D3E4FF",
      "onSecondaryContainer": "#001C38",
      "tertiary": "#586420",
      "onTertiary": "#FFFFFF",
      "tertiaryContainer": "#DCEA97",
      "onTertiaryContainer": "#181E00",
      "error": "#BA1A1A",
      "onError": "#FFFFFF",
      "errorContainer": "#FFDAD6",
      "onErrorContainer": "#410002",
      "background": "#FDF8FF",
      "onBackground": "#1C1B20",
      "surface": "#FDF8FF",
      "onSurface": "#1C1B20",
      "surfaceVariant": "#E6E0EC",
      "onSurfaceVariant": "#48454E",
      "outline": "#79757F",
      "outlineVariant": "#C9C4CF",
      "shadow": "#000000",
      "scrim": "#000000",
      "inverseSurface": "#312F36",
      "inverseOnSurface": "#F4EFF7",
      "inversePrimary": "#CBBEFF",
      "primaryFixed": "#E7DEFF",
      "onPrimaryFixed": "#1D1148",
      "primaryFixedDim": "#CBBEFF",
      "onPrimaryFixedVariant": "#493E76",
      "secondaryFixed": "#D3E4FF",
      "onSecondaryFixed": "#001C38",
      "secondaryFixedDim": "#A3C9FE",
      "onSecondaryFixedVariant": "#1E4876",
      "tertiaryFixed": "#DCEA97",
      "onTertiaryFixed": "#181E00",
      "tertiaryFixedDim": "#C0CE7E",
      "onTertiaryFixedVariant": "#414C09",
      "surfaceDim": "#DDD8E0",
      "surfaceBright": "#FDF8FF",
      "surfaceContainerLowest": "#FFFFFF",
      "surfaceContainerLow": "#F7F2FA",
      "surfaceContainer": "#F1ECF4",
      "surfaceContainerHigh": "#ECE6EE",
      "surfaceContainerHighest": "#E6E1E9"
    },
    "light-medium-contrast": {
      "primary": "#453A72",
      "surfaceTint": "#615690",
      "onPrimary": "#FFFFFF",
      "primaryContainer": "#786CA8",
      "onPrimaryContainer": "#FFFFFF",
      "secondary": "#184471",
      "onSecondary": "#FFFFFF",
      "secondaryContainer": "#5077A7",
      "onSecondaryContainer": "#FFFFFF",
      "tertiary": "#3D4804",
      "onTertiary": "#FFFFFF",
      "tertiaryContainer": "#6E7A35",
      "onTertiaryContainer": "#FFFFFF",
      "error": "#8C0009",
      "onError": "#FFFFFF",
      "errorContainer": "#DA342E",
      "onErrorContainer": "#FFFFFF",
      "background": "#FDF8FF",
      "onBackground": "#1C1B20",
      "surface": "#FDF8FF",
      "onSurface": "#1C1B20",
      "surfaceVariant": "#E6E0EC",
      "onSurfaceVariant": "#44414A",
      "outline": "#615E67",
      "outlineVariant": "#7D7983",
      "shadow": "#000000",
      "scrim": "#000000",
      "inverseSurface": "#312F36",
      "inverseOnSurface": "#F4EFF7",
      "inversePrimary": "#CBBEFF",
      "primaryFixed": "#786CA8",
      "onPrimaryFixed": "#FFFFFF",
      "primaryFixedDim": "#5F548D",
      "onPrimaryFixedVariant": "#FFFFFF",
      "secondaryFixed": "#5077A7",
      "onSecondaryFixed": "#FFFFFF",
      "secondaryFixedDim": "#365E8C",
      "onSecondaryFixedVariant": "#FFFFFF",
      "tertiaryFixed": "#6E7A35",
      "onTertiaryFixed": "#FFFFFF",
      "tertiaryFixedDim": "#55611E",
      "onTertiaryFixedVariant": "#FFFFFF",
      "surfaceDim": "#DDD8E0",
      "surfaceBright": "#FDF8FF",
      "surfaceContainerLowest": "#FFFFFF",
      "surfaceContainerLow": "#F7F2FA",
      "surfaceContainer": "#F1ECF4",
      "surfaceContainerHigh": "#ECE6EE",
      "surfaceContainerHighest": "#E6E1E9"
    },
    "light-high-contrast": {
      "primary": "#24184F",
      "surfaceTint": "#615690",
      "onPrimary": "#FFFFFF",
      "primaryContainer": "#453A72",
      "onPrimaryContainer": "#FFFFFF",
      "secondary": "#002343",
      "onSecondary": "#FFFFFF",
      "secondaryContainer": "#184471",
      "onSecondaryContainer": "#FFFFFF",
      "tertiary": "#1E2500",
      "onTertiary": "#FFFFFF",
      "tertiaryContainer": "#3D4804",
      "onTertiaryContainer": "#FFFFFF",
      "error": "#4E0002",
      "onError": "#FFFFFF",
      "errorContainer": "#8C0009",
      "onErrorContainer": "#FFFFFF",
      "background": "#FDF8FF",
      "onBackground": "#1C1B20",
      "surface": "#FDF8FF",
      "onSurface": "#000000",
      "surfaceVariant": "#E6E0EC",
      "onSurfaceVariant": "#25232B",
      "outline": "#44414A",
      "outlineVariant": "#44414A",
      "shadow": "#000000",
      "scrim": "#000000",
      "inverseSurface": "#312F36",
      "inverseOnSurface": "#FFFFFF",
      "inversePrimary": "#F0E9FF",
      "primaryFixed": "#453A72",
      "onPrimaryFixed": "#FFFFFF",
      "primaryFixedDim": "#2F245A",
      "onPrimaryFixedVariant": "#FFFFFF",
      "secondaryFixed": "#184471",
      "onSecondaryFixed": "#FFFFFF",
      "secondaryFixedDim": "#002E55",
      "onSecondaryFixedVariant": "#FFFFFF",
      "tertiaryFixed": "#3D4804",
      "onTertiaryFixed": "#FFFFFF",
      "tertiaryFixedDim": "#283000",
      "onTertiaryFixedVariant": "#FFFFFF",
      "surfaceDim": "#DDD8E0",
      "surfaceBright": "#FDF8FF",
      "surfaceContainerLowest": "#FFFFFF",
      "surfaceContainerLow": "#F7F2FA",
      "surfaceContainer": "#F1ECF4",
      "surfaceContainerHigh": "#ECE6EE",
      "surfaceContainerHighest": "#E6E1E9"
    },
    "dark": {
      "primary": "#CBBEFF",
      "surfaceTint": "#CBBEFF",
      "onPrimary": "#33285E",
      "primaryContainer": "#493E76",
      "onPrimaryContainer": "#E7DEFF",
      "secondary": "#A3C9FE",
      "onSecondary": "#00315B",
      "secondaryContainer": "#1E4876",
      "onSecondaryContainer": "#D3E4FF",
      "tertiary": "#C0CE7E",
      "onTertiary": "#2B3400",
      "tertiaryContainer": "#414C09",
      "onTertiaryContainer": "#DCEA97",
      "error": "#FFB4AB",
      "onError": "#690005",
      "errorContainer": "#93000A",
      "onErrorContainer": "#FFDAD6",
      "background": "#141318",
      "onBackground": "#E6E1E9",
      "surface": "#141318",
      "onSurface": "#E6E1E9",
      "surfaceVariant": "#48454E",
      "onSurfaceVariant": "#C9C4CF",
      "outline": "#938F99",
      "outlineVariant": "#48454E",
      "shadow": "#000000",
      "scrim": "#000000",
      "inverseSurface": "#E6E1E9",
      "inverseOnSurface": "#312F36",
      "inversePrimary": "#615690",
      "primaryFixed": "#E7DEFF",
      "onPrimaryFixed": "#1D1148",
      "primaryFixedDim": "#CBBEFF",
      "onPrimaryFixedVariant": "#493E76",
      "secondaryFixed": "#D3E4FF",
      "onSecondaryFixed": "#001C38",
      "secondaryFixedDim": "#A3C9FE",
      "onSecondaryFixedVariant": "#1E4876",
      "tertiaryFixed": "#DCEA97",
      "onTertiaryFixed": "#181E00",
      "tertiaryFixedDim": "#C0CE7E",
      "onTertiaryFixedVariant": "#414C09",
      "surfaceDim": "#141318",
      "surfaceBright": "#3A383E",
      "surfaceContainerLowest": "#0F0D13",
      "surfaceContainerLow": "#1C1B20",
      "surfaceContainer": "#201F24",
      "surfaceContainerHigh": "#2B292F",
      "surfaceContainerHighest": "#36343A"
    },
    "dark-medium-contrast": {
      "primary": "#CFC3FF",
      "surfaceTint": "#CBBEFF",
      "onPrimary": "#180A43",
      "primaryContainer": "#9488C6",
      "onPrimaryContainer": "#000000",
      "secondary": "#AACDFF",
      "onSecondary": "#00172F",
      "secondaryContainer": "#6D93C5",
      "onSecondaryContainer": "#000000",
      "tertiary": "#C4D282",
      "onTertiary": "#131800",
      "tertiaryContainer": "#8A974E",
      "onTertiaryContainer": "#000000",
      "error": "#FFBAB1",
      "onError": "#370001",
      "errorContainer": "#FF5449",
      "onErrorContainer": "#000000",
      "background": "#141318",
      "onBackground": "#E6E1E9",
      "surface": "#141318",
      "onSurface": "#FEF9FF",
      "surfaceVariant": "#48454E",
      "onSurfaceVariant": "#CEC9D4",
      "outline": "#A5A1AC",
      "outlineVariant": "#85818C",
      "shadow": "#000000",
      "scrim": "#000000",
      "inverseSurface": "#E6E1E9",
      "inverseOnSurface": "#2B292F",
      "inversePrimary": "#4A4078",
      "primaryFixed": "#E7DEFF",
      "onPrimaryFixed": "#13043E",
      "primaryFixedDim": "#CBBEFF",
      "onPrimaryFixedVariant": "#382E64",
      "secondaryFixed": "#D3E4FF",
      "onSecondaryFixed": "#001226",
      "secondaryFixedDim": "#A3C9FE",
      "onSecondaryFixedVariant": "#033764",
      "tertiaryFixed": "#DCEA97",
      "onTertiaryFixed": "#0F1300",
      "tertiaryFixedDim": "#C0CE7E",
      "onTertiaryFixedVariant": "#313A00",
      "surfaceDim": "#141318",
      "surfaceBright": "#3A383E",
      "surfaceContainerLowest": "#0F0D13",
      "surfaceContainerLow": "#1C1B20",
      "surfaceContainer": "#201F24",
      "surfaceContainerHigh": "#2B292F",
      "surfaceContainerHighest": "#36343A"
    },
    "dark-high-contrast": {
      "primary": "#FEF9FF",
      "surfaceTint": "#CBBEFF",
      "onPrimary": "#000000",
      "primaryContainer": "#CFC3FF",
      "onPrimaryContainer": "#000000",
      "secondary": "#FAFAFF",
      "onSecondary": "#000000",
      "secondaryContainer": "#AACDFF",
      "onSecondaryContainer": "#000000",
      "tertiary": "#F8FFD0",
      "onTertiary": "#000000",
      "tertiaryContainer": "#C4D282",
      "onTertiaryContainer": "#000000",
      "error": "#FFF9F9",
      "onError": "#000000",
      "errorContainer": "#FFBAB1",
      "onErrorContainer": "#000000",
      "background": "#141318",
      "onBackground": "#E6E1E9",
      "surface": "#141318",
      "onSurface": "#FFFFFF",
      "surfaceVariant": "#48454E",
      "onSurfaceVariant": "#FEF9FF",
      "outline": "#CEC9D4",
      "outlineVariant": "#CEC9D4",
      "shadow": "#000000",
      "scrim": "#000000",
      "inverseSurface": "#E6E1E9",
      "inverseOnSurface": "#000000",
      "inversePrimary": "#2C2157",
      "primaryFixed": "#EBE3FF",
      "onPrimaryFixed": "#000000",
      "primaryFixedDim": "#CFC3FF",
      "onPrimaryFixedVariant": "#180A43",
      "secondaryFixed": "#DAE8FF",
      "onSecondaryFixed": "#000000",
      "secondaryFixedDim": "#AACDFF",
      "onSecondaryFixedVariant": "#00172F",
      "tertiaryFixed": "#E0EF9B",
      "onTertiaryFixed": "#000000",
      "tertiaryFixedDim": "#C4D282",
      "onTertiaryFixedVariant": "#131800",
      "surfaceDim": "#141318",
      "surfaceBright": "#3A383E",
      "surfaceContainerLowest": "#0F0D13",
      "surfaceContainerLow": "#1C1B20",
      "surfaceContainer": "#201F24",
      "surfaceContainerHigh": "#2B292F",
      "surfaceContainerHighest": "#36343A"
    }
  },
  "palettes": {
    "primary": {
      "0": "#000000",
      "5": "#120044",
      "10": "#1D0061",
      "15": "#28007C",
      "20": "#330098",
      "25": "#3F10AC",
      "30": "#4A25B7",
      "35": "#5635C3",
      "40": "#6343D0",
      "50": "#7C5FEB",
      "60": "#967CFF",
      "70": "#B09DFF",
      "80": "#CBBEFF",
      "90": "#E7DEFF",
      "95": "#F4EEFF",
      "98": "#FDF8FF",
      "99": "#FFFBFF",
      "100": "#FFFFFF"
    },
    "secondary": {
      "0": "#000000",
      "5": "#001126",
      "10": "#001C38",
      "15": "#002749",
      "20": "#00315B",
      "25": "#003D6E",
      "30": "#004881",
      "35": "#005495",
      "40": "#0060A9",
      "50": "#0C79D1",
      "60": "#3D94ED",
      "70": "#6BAEFF",
      "80": "#A2C9FF",
      "90": "#D3E4FF",
      "95": "#EAF1FF",
      "98": "#F8F9FF",
      "99": "#FDFCFF",
      "100": "#FFFFFF"
    },
    "tertiary": {
      "0": "#000000",
      "5": "#0E1300",
      "10": "#181E00",
      "15": "#222900",
      "20": "#2B3400",
      "25": "#354000",
      "30": "#404C00",
      "35": "#4B5800",
      "40": "#566500",
      "50": "#6C7F00",
      "60": "#849A00",
      "70": "#9CB603",
      "80": "#B7D32E",
      "90": "#DAEB8E",
      "95": "#E9F99B",
      "98": "#F5FFC2",
      "99": "#FCFFDE",
      "100": "#FFFFFF"
    },
    "neutral": {
      "0": "#000000",
      "5": "#111014",
      "10": "#1C1B1E",
      "15": "#262529",
      "20": "#313033",
      "25": "#3C3B3F",
      "30": "#48464A",
      "35": "#545256",
      "40": "#605D62",
      "50": "#79767A",
      "60": "#939094",
      "70": "#AEAAAF",
      "80": "#C9C5CA",
      "90": "#E6E1E6",
      "95": "#F4EFF4",
      "98": "#FDF8FD",
      "99": "#FFFBFF",
      "100": "#FFFFFF"
    },
    "neutral-variant": {
      "0": "#000000",
      "5": "#111017",
      "10": "#1C1A22",
      "15": "#27252D",
      "20": "#312F38",
      "25": "#3D3A43",
      "30": "#48454E",
      "35": "#54515A",
      "40": "#605D66",
      "50": "#79757F",
      "60": "#938F99",
      "70": "#AEA9B4",
      "80": "#C9C4CF",
      "90": "#E6E0EC",
      "95": "#F4EEFA",
      "98": "#FDF8FF",
      "99": "#FFFBFF",
      "100": "#FFFFFF"
    }
  }
}
